{
  "IsEncrypted": false,
  "Values": {
    "AzureWebJobsStorage": "DefaultEndpointsProtocol=https;AccountName=storageaccountyoussb1d0;AccountKey=6K1n789HqLpWuuDdU+Omu1o/4GdkeVEzTa0VK3l4h+eKYsq2Z+pwyhZ0xjrHPy/CJAswaitMej0GPCY0bBcdlQ==;BlobEndpoint=https://storageaccountyoussb1d0.blob.core.windows.net/;TableEndpoint=https://storageaccountyoussb1d0.table.core.windows.net/;QueueEndpoint=https://storageaccountyoussb1d0.queue.core.windows.net/;FileEndpoint=https://storageaccountyoussb1d0.file.core.windows.net/",
    "FUNCTIONS_WORKER_RUNTIME": "dotnet",
    "ConnectionStringForIOTHUB": "Endpoint=sb://ihsuprodamres026dednamespace.servicebus.windows.net/;SharedAccessKeyName=iothubowner;SharedAccessKey=UMtcdrSeO7gsTtxMycGaDGfg9YTcQb1317ALrTmdOZY=;EntityPath=iothub-ehub-myiothu-16435386-431b5613d7",
    "SqlConnection": "Server=tcp:sqlserverss.database.windows.net,1433;Initial Catalog=MySQL;Persist Security Info=False;User ID=Youssef;Password=AddMe2021;MultipleActiveResultSets=False;Encrypt=True;TrustServerCertificate=False;Connection Timeout=30;"
  }
}